id,first_name,last_name,email,gender,ip_address
1,Tybi,Dungate,tdungate0@tiny.cc,Female,5.40.220.90
2,Darlleen,Fountaine,dfountaine1@last.fm,Female,251.45.185.186
3,Stu,Rockcliff,srockcliff2@mtv.com,Male,129.143.102.15
4,Fulvia,Lemery,flemery3@yahoo.com,Female,247.85.158.14
5,Stirling,Salzburger,ssalzburger4@google.ru,Male,61.218.166.86
6,Consuelo,Geaney,cgeaney5@ezinearticles.com,Female,11.171.206.90
7,Donnell,Wilmore,dwilmore6@ox.ac.uk,Male,179.225.121.45
8,Jimmie,Scotter,jscotter7@apple.com,Male,210.35.38.139
9,Tonia,Bogart,tbogart8@soundcloud.com,Female,165.208.15.210
10,Seamus,Mark,smark9@soup.io,Male,10.7.202.127
11,Hurleigh,Yousef,hyousefa@technorati.com,Male,147.228.207.137
12,Temp,Gorrick,tgorrickb@patch.com,Male,8.121.100.37
13,Astrid,Spoor,aspoorc@cbc.ca,Female,29.105.60.49
14,Estrella,Linklater,elinklaterd@chronoengine.com,Female,70.171.179.160
15,Charmine,Shields,cshieldse@cnet.com,Female,186.187.0.136
16,Salomone,Parmley,sparmleyf@usda.gov,Male,203.162.135.113
17,Genvieve,Garnall,ggarnallg@mlb.com,Female,90.140.246.55
18,Darnell,Silbert,dsilberth@angelfire.com,Male,3.91.10.88
19,Alan,Yesenin,ayesenini@stanford.edu,Male,244.98.54.78
20,Gerardo,Collumbine,gcollumbinej@netvibes.com,Male,180.66.229.246
